null_margin,contract_margin,broadness_alpha,selection_threshold,null_prior,intent_prior_weight,use_pairwise,objective,constraints_pass,multi_contract_strict_e2e_dev,end_to_end_success_strict,indirect_end_to_end_success_strict,naturalistic_success,wrong_contract_false_trigger_rate,false_trigger_rate_including_contract_swap,target_action_completion_rate,conflict_safe_action_accuracy
0.0,0.0,0.0,0.15,0.0,0.5,False,1.6997668534780754,False,0.6918604651162791,0.7383720930232558,0.39215686274509803,0.9166666666666666,0.0,0.021505376344086023,0.43661971830985913,0.75
0.0,0.0,0.0,0.15,0.0,0.5,True,1.282178081285027,False,0.5813953488372093,0.6511627906976745,0.39215686274509803,0.75,0.0,0.1827956989247312,0.4225352112676056,0.625
0.0,0.0,0.0,0.15,0.0,1.0,False,1.301667328596855,False,0.5813953488372093,0.627906976744186,0.39215686274509803,0.75,0.0,0.22580645161290322,0.43661971830985913,0.75
0.0,0.0,0.0,0.15,0.0,1.0,True,1.00867220481591,False,0.4476744186046512,0.5755813953488372,0.39215686274509803,0.75,0.0,0.3225806451612903,0.4225352112676056,0.625
0.0,0.0,0.0,0.15,0.1,0.5,False,1.7105195416501184,False,0.6918604651162791,0.7441860465116279,0.39215686274509803,0.9166666666666666,0.0,0.010752688172043012,0.43661971830985913,0.75
0.0,0.0,0.0,0.15,0.1,0.5,True,1.4640360457761499,False,0.6046511627906976,0.6918604651162791,0.39215686274509803,0.9166666666666666,0.0,0.10752688172043011,0.4225352112676056,0.625
0.0,0.0,0.0,0.15,0.1,1.0,False,1.5265360457761499,False,0.6046511627906976,0.6918604651162791,0.39215686274509803,0.9166666666666666,0.0,0.10752688172043011,0.43661971830985913,0.75
0.0,0.0,0.0,0.15,0.1,1.0,True,1.2490447979641968,False,0.5697674418604651,0.6395348837209303,0.39215686274509803,0.75,0.0,0.20430107526881722,0.4225352112676056,0.625
0.0,0.0,0.0,0.25,0.0,0.5,False,1.4682144800906107,False,0.6627906976744186,0.6802325581395349,0.21568627450980393,0.9166666666666666,0.0,0.010752688172043012,0.2535211267605634,0.5
0.0,0.0,0.0,0.25,0.0,0.5,True,1.3920621699542535,False,0.6337209302325582,0.6686046511627907,0.3137254901960784,0.75,0.0,0.08602150537634409,0.3380281690140845,0.625
0.0,0.0,0.0,0.25,0.0,1.0,False,1.2507952355735992,False,0.5930232558139535,0.627906976744186,0.39215686274509803,0.75,0.0,0.22580645161290322,0.4225352112676056,0.625
0.0,0.0,0.0,0.25,0.0,1.0,True,1.00867220481591,False,0.4476744186046512,0.5755813953488372,0.39215686274509803,0.75,0.0,0.3225806451612903,0.4225352112676056,0.625
0.0,0.0,0.0,0.25,0.1,0.5,False,1.4682144800906107,False,0.6627906976744186,0.6802325581395349,0.21568627450980393,0.9166666666666666,0.0,0.010752688172043012,0.2535211267605634,0.5
0.0,0.0,0.0,0.25,0.1,0.5,True,1.573920134445376,False,0.6569767441860465,0.7093023255813954,0.3137254901960784,0.9166666666666666,0.0,0.010752688172043012,0.3380281690140845,0.625
0.0,0.0,0.0,0.25,0.1,1.0,False,1.475663952752894,False,0.6162790697674418,0.6918604651162791,0.39215686274509803,0.9166666666666666,0.0,0.10752688172043011,0.4225352112676056,0.625
0.0,0.0,0.0,0.25,0.1,1.0,True,1.2490447979641968,False,0.5697674418604651,0.6395348837209303,0.39215686274509803,0.75,0.0,0.20430107526881722,0.4225352112676056,0.625
0.0,0.0,0.75,0.15,0.0,0.5,False,1.7113947604548196,False,0.7034883720930233,0.7383720930232558,0.39215686274509803,0.9166666666666666,0.0,0.021505376344086023,0.43661971830985913,0.75
0.0,0.0,0.75,0.15,0.0,0.5,True,1.3036834576291132,False,0.5813953488372093,0.6627906976744186,0.39215686274509803,0.75,0.0,0.16129032258064516,0.4225352112676056,0.625
0.0,0.0,0.75,0.15,0.0,1.0,False,1.3132952355735992,False,0.5930232558139535,0.627906976744186,0.39215686274509803,0.75,0.0,0.22580645161290322,0.43661971830985913,0.75
0.0,0.0,0.75,0.15,0.0,1.0,True,1.0601225674065575,False,0.4883720930232558,0.5813953488372093,0.39215686274509803,0.75,0.0,0.3118279569892473,0.4225352112676056,0.625
0.0,0.0,0.75,0.15,0.1,0.5,False,1.7221474486268626,False,0.7034883720930233,0.7441860465116279,0.39215686274509803,0.9166666666666666,0.0,0.010752688172043012,0.43661971830985913,0.75
0.0,0.0,0.75,0.15,0.1,0.5,True,1.6023831325478428,False,0.6569767441860465,0.7383720930232558,0.39215686274509803,0.9166666666666666,0.0,0.021505376344086023,0.4225352112676056,0.625
0.0,0.0,0.75,0.15,0.1,1.0,False,1.5265360457761499,False,0.6046511627906976,0.6918604651162791,0.39215686274509803,0.9166666666666666,0.0,0.10752688172043011,0.43661971830985913,0.75
0.0,0.0,0.75,0.15,0.1,1.0,True,1.2597974861362398,False,0.5697674418604651,0.6453488372093024,0.39215686274509803,0.75,0.0,0.1935483870967742,0.4225352112676056,0.625
0.0,0.0,0.75,0.25,0.0,0.5,False,1.4682144800906107,False,0.6627906976744186,0.6802325581395349,0.21568627450980393,0.9166666666666666,0.0,0.010752688172043012,0.2535211267605634,0.5
0.0,0.0,0.75,0.25,0.0,0.5,True,1.4251954532750837,False,0.6453488372093024,0.6802325581395349,0.3137254901960784,0.75,0.0,0.06451612903225806,0.3380281690140845,0.625
0.0,0.0,0.75,0.25,0.0,1.0,False,1.429839996763897,False,0.686046511627907,0.6744186046511628,0.39215686274509803,0.75,0.0,0.13978494623655913,0.4225352112676056,0.625
0.0,0.0,0.75,0.25,0.0,1.0,True,1.0601225674065575,False,0.4883720930232558,0.5813953488372093,0.39215686274509803,0.75,0.0,0.3118279569892473,0.4225352112676056,0.625
0.0,0.0,0.75,0.25,0.1,0.5,False,1.4682144800906107,False,0.6627906976744186,0.6802325581395349,0.21568627450980393,0.9166666666666666,0.0,0.010752688172043012,0.2535211267605634,0.5
0.0,0.0,0.75,0.25,0.1,0.5,True,1.5855480414221201,False,0.6686046511627907,0.7093023255813954,0.3137254901960784,0.9166666666666666,0.0,0.010752688172043012,0.3380281690140845,0.625
0.0,0.0,0.75,0.25,0.1,1.0,False,1.6430808069664475,False,0.6976744186046512,0.7383720930232558,0.39215686274509803,0.9166666666666666,0.0,0.021505376344086023,0.4225352112676056,0.625
0.0,0.0,0.75,0.25,0.1,1.0,True,1.2597974861362398,False,0.5697674418604651,0.6453488372093024,0.39215686274509803,0.75,0.0,0.1935483870967742,0.4225352112676056,0.625
0.0,0.08,0.0,0.15,0.0,0.5,False,1.6997668534780754,False,0.6918604651162791,0.7383720930232558,0.39215686274509803,0.9166666666666666,0.0,0.021505376344086023,0.43661971830985913,0.75
0.0,0.08,0.0,0.15,0.0,0.5,True,1.282178081285027,False,0.5813953488372093,0.6511627906976745,0.39215686274509803,0.75,0.0,0.1827956989247312,0.4225352112676056,0.625
0.0,0.08,0.0,0.15,0.0,1.0,False,1.301667328596855,False,0.5813953488372093,0.627906976744186,0.39215686274509803,0.75,0.0,0.22580645161290322,0.43661971830985913,0.75
0.0,0.08,0.0,0.15,0.0,1.0,True,1.00867220481591,False,0.4476744186046512,0.5755813953488372,0.39215686274509803,0.75,0.0,0.3225806451612903,0.4225352112676056,0.625
0.0,0.08,0.0,0.15,0.1,0.5,False,1.7105195416501184,False,0.6918604651162791,0.7441860465116279,0.39215686274509803,0.9166666666666666,0.0,0.010752688172043012,0.43661971830985913,0.75
0.0,0.08,0.0,0.15,0.1,0.5,True,1.4640360457761499,False,0.6046511627906976,0.6918604651162791,0.39215686274509803,0.9166666666666666,0.0,0.10752688172043011,0.4225352112676056,0.625
0.0,0.08,0.0,0.15,0.1,1.0,False,1.5265360457761499,False,0.6046511627906976,0.6918604651162791,0.39215686274509803,0.9166666666666666,0.0,0.10752688172043011,0.43661971830985913,0.75
0.0,0.08,0.0,0.15,0.1,1.0,True,1.2490447979641968,False,0.5697674418604651,0.6395348837209303,0.39215686274509803,0.75,0.0,0.20430107526881722,0.4225352112676056,0.625
0.0,0.08,0.0,0.25,0.0,0.5,False,1.4682144800906107,False,0.6627906976744186,0.6802325581395349,0.21568627450980393,0.9166666666666666,0.0,0.010752688172043012,0.2535211267605634,0.5
0.0,0.08,0.0,0.25,0.0,0.5,True,1.3920621699542535,False,0.6337209302325582,0.6686046511627907,0.3137254901960784,0.75,0.0,0.08602150537634409,0.3380281690140845,0.625
0.0,0.08,0.0,0.25,0.0,1.0,False,1.2507952355735992,False,0.5930232558139535,0.627906976744186,0.39215686274509803,0.75,0.0,0.22580645161290322,0.4225352112676056,0.625
0.0,0.08,0.0,0.25,0.0,1.0,True,1.00867220481591,False,0.4476744186046512,0.5755813953488372,0.39215686274509803,0.75,0.0,0.3225806451612903,0.4225352112676056,0.625
0.0,0.08,0.0,0.25,0.1,0.5,False,1.4682144800906107,False,0.6627906976744186,0.6802325581395349,0.21568627450980393,0.9166666666666666,0.0,0.010752688172043012,0.2535211267605634,0.5
0.0,0.08,0.0,0.25,0.1,0.5,True,1.573920134445376,False,0.6569767441860465,0.7093023255813954,0.3137254901960784,0.9166666666666666,0.0,0.010752688172043012,0.3380281690140845,0.625
0.0,0.08,0.0,0.25,0.1,1.0,False,1.475663952752894,False,0.6162790697674418,0.6918604651162791,0.39215686274509803,0.9166666666666666,0.0,0.10752688172043011,0.4225352112676056,0.625
0.0,0.08,0.0,0.25,0.1,1.0,True,1.2490447979641968,False,0.5697674418604651,0.6395348837209303,0.39215686274509803,0.75,0.0,0.20430107526881722,0.4225352112676056,0.625
0.0,0.08,0.75,0.15,0.0,0.5,False,1.7113947604548196,False,0.7034883720930233,0.7383720930232558,0.39215686274509803,0.9166666666666666,0.0,0.021505376344086023,0.43661971830985913,0.75
0.0,0.08,0.75,0.15,0.0,0.5,True,1.3036834576291132,False,0.5813953488372093,0.6627906976744186,0.39215686274509803,0.75,0.0,0.16129032258064516,0.4225352112676056,0.625
0.0,0.08,0.75,0.15,0.0,1.0,False,1.3132952355735992,False,0.5930232558139535,0.627906976744186,0.39215686274509803,0.75,0.0,0.22580645161290322,0.43661971830985913,0.75
0.0,0.08,0.75,0.15,0.0,1.0,True,1.0601225674065575,False,0.4883720930232558,0.5813953488372093,0.39215686274509803,0.75,0.0,0.3118279569892473,0.4225352112676056,0.625
0.0,0.08,0.75,0.15,0.1,0.5,False,1.7221474486268626,False,0.7034883720930233,0.7441860465116279,0.39215686274509803,0.9166666666666666,0.0,0.010752688172043012,0.43661971830985913,0.75
0.0,0.08,0.75,0.15,0.1,0.5,True,1.6023831325478428,False,0.6569767441860465,0.7383720930232558,0.39215686274509803,0.9166666666666666,0.0,0.021505376344086023,0.4225352112676056,0.625
0.0,0.08,0.75,0.15,0.1,1.0,False,1.5265360457761499,False,0.6046511627906976,0.6918604651162791,0.39215686274509803,0.9166666666666666,0.0,0.10752688172043011,0.43661971830985913,0.75
0.0,0.08,0.75,0.15,0.1,1.0,True,1.2597974861362398,False,0.5697674418604651,0.6453488372093024,0.39215686274509803,0.75,0.0,0.1935483870967742,0.4225352112676056,0.625
0.0,0.08,0.75,0.25,0.0,0.5,False,1.4682144800906107,False,0.6627906976744186,0.6802325581395349,0.21568627450980393,0.9166666666666666,0.0,0.010752688172043012,0.2535211267605634,0.5
0.0,0.08,0.75,0.25,0.0,0.5,True,1.4251954532750837,False,0.6453488372093024,0.6802325581395349,0.3137254901960784,0.75,0.0,0.06451612903225806,0.3380281690140845,0.625
0.0,0.08,0.75,0.25,0.0,1.0,False,1.429839996763897,False,0.686046511627907,0.6744186046511628,0.39215686274509803,0.75,0.0,0.13978494623655913,0.4225352112676056,0.625
0.0,0.08,0.75,0.25,0.0,1.0,True,1.0601225674065575,False,0.4883720930232558,0.5813953488372093,0.39215686274509803,0.75,0.0,0.3118279569892473,0.4225352112676056,0.625
0.0,0.08,0.75,0.25,0.1,0.5,False,1.4682144800906107,False,0.6627906976744186,0.6802325581395349,0.21568627450980393,0.9166666666666666,0.0,0.010752688172043012,0.2535211267605634,0.5
0.0,0.08,0.75,0.25,0.1,0.5,True,1.5855480414221201,False,0.6686046511627907,0.7093023255813954,0.3137254901960784,0.9166666666666666,0.0,0.010752688172043012,0.3380281690140845,0.625
0.0,0.08,0.75,0.25,0.1,1.0,False,1.6430808069664475,False,0.6976744186046512,0.7383720930232558,0.39215686274509803,0.9166666666666666,0.0,0.021505376344086023,0.4225352112676056,0.625
0.0,0.08,0.75,0.25,0.1,1.0,True,1.2597974861362398,False,0.5697674418604651,0.6453488372093024,0.39215686274509803,0.75,0.0,0.1935483870967742,0.4225352112676056,0.625
0.08,0.0,0.0,0.15,0.0,0.5,False,1.7105195416501184,False,0.6918604651162791,0.7441860465116279,0.39215686274509803,0.9166666666666666,0.0,0.010752688172043012,0.43661971830985913,0.75
0.08,0.0,0.0,0.15,0.0,0.5,True,1.3417554756336143,False,0.5872093023255814,0.6802325581395349,0.39215686274509803,0.75,0.0,0.12903225806451613,0.4225352112676056,0.625
0.08,0.0,0.0,0.15,0.0,1.0,False,1.468302737449068,False,0.5988372093023255,0.686046511627907,0.39215686274509803,0.8333333333333334,0.0,0.11827956989247312,0.43661971830985913,0.75
0.08,0.0,0.0,0.15,0.0,1.0,True,1.2217254681317387,False,0.563953488372093,0.627906976744186,0.39215686274509803,0.75,0.0,0.22580645161290322,0.4225352112676056,0.625
0.08,0.0,0.0,0.15,0.1,0.5,False,1.6226262447964932,False,0.6627906976744186,0.6976744186046512,0.27450980392156865,0.9166666666666666,0.0,0.010752688172043012,0.323943661971831,0.75
0.08,0.0,0.0,0.15,0.1,0.5,True,1.618949774208258,False,0.6627906976744186,0.7441860465116279,0.39215686274509803,0.9166666666666666,0.0,0.010752688172043012,0.4225352112676056,0.625
0.08,0.0,0.0,0.15,0.1,1.0,False,1.670697086036215,False,0.6627906976744186,0.7383720930232558,0.39215686274509803,0.9166666666666666,0.0,0.021505376344086023,0.43661971830985913,0.75
0.08,0.0,0.0,0.15,0.1,1.0,True,1.3417554756336143,False,0.5872093023255814,0.6802325581395349,0.39215686274509803,0.75,0.0,0.12903225806451613,0.4225352112676056,0.625
0.08,0.0,0.0,0.25,0.0,0.5,False,1.4682144800906107,False,0.6627906976744186,0.6802325581395349,0.21568627450980393,0.9166666666666666,0.0,0.010752688172043012,0.2535211267605634,0.5
0.08,0.0,0.0,0.25,0.0,0.5,True,1.4516395643028406,False,0.6395348837209303,0.6976744186046512,0.3137254901960784,0.75,0.0,0.03225806451612903,0.3380281690140845,0.625
0.08,0.0,0.0,0.25,0.0,1.0,False,1.4174306444258122,False,0.6104651162790697,0.686046511627907,0.39215686274509803,0.8333333333333334,0.0,0.11827956989247312,0.4225352112676056,0.625
0.08,0.0,0.0,0.25,0.0,1.0,True,1.2217254681317387,False,0.563953488372093,0.627906976744186,0.39215686274509803,0.75,0.0,0.22580645161290322,0.4225352112676056,0.625
0.08,0.0,0.0,0.25,0.1,0.5,False,1.4682144800906107,False,0.6627906976744186,0.6802325581395349,0.21568627450980393,0.9166666666666666,0.0,0.010752688172043012,0.2535211267605634,0.5
0.08,0.0,0.0,0.25,0.1,0.5,True,1.573920134445376,False,0.6569767441860465,0.7093023255813954,0.3137254901960784,0.9166666666666666,0.0,0.010752688172043012,0.3380281690140845,0.625
0.08,0.0,0.0,0.25,0.1,1.0,False,1.614011039524587,False,0.6686046511627907,0.7383720930232558,0.39215686274509803,0.9166666666666666,0.0,0.021505376344086023,0.4225352112676056,0.625
0.08,0.0,0.0,0.25,0.1,1.0,True,1.3417554756336143,False,0.5872093023255814,0.6802325581395349,0.39215686274509803,0.75,0.0,0.12903225806451613,0.4225352112676056,0.625
0.08,0.0,0.75,0.15,0.0,0.5,False,1.7221474486268626,False,0.7034883720930233,0.7441860465116279,0.39215686274509803,0.9166666666666666,0.0,0.010752688172043012,0.43661971830985913,0.75
0.08,0.0,0.75,0.15,0.0,0.5,True,1.5441498242207612,False,0.6511627906976745,0.7325581395348837,0.39215686274509803,0.8333333333333334,0.0,0.03225806451612903,0.4225352112676056,0.625
0.08,0.0,0.75,0.15,0.0,1.0,False,1.5265360457761499,False,0.6046511627906976,0.6918604651162791,0.39215686274509803,0.9166666666666666,0.0,0.10752688172043011,0.43661971830985913,0.75
0.08,0.0,0.75,0.15,0.0,1.0,True,1.2275394216201108,False,0.5697674418604651,0.627906976744186,0.39215686274509803,0.75,0.0,0.22580645161290322,0.4225352112676056,0.625
0.08,0.0,0.75,0.15,0.1,0.5,False,1.6342541517732374,False,0.6744186046511628,0.6976744186046512,0.27450980392156865,0.9166666666666666,0.0,0.010752688172043012,0.323943661971831,0.75
0.08,0.0,0.75,0.15,0.1,0.5,True,1.6480195416501184,False,0.6918604651162791,0.7441860465116279,0.39215686274509803,0.9166666666666666,0.0,0.010752688172043012,0.4225352112676056,0.625
0.08,0.0,0.75,0.15,0.1,1.0,False,1.6823249930129591,False,0.6744186046511628,0.7383720930232558,0.39215686274509803,0.9166666666666666,0.0,0.021505376344086023,0.43661971830985913,0.75
0.08,0.0,0.75,0.15,0.1,1.0,True,1.3475694291219864,False,0.5930232558139535,0.6802325581395349,0.39215686274509803,0.75,0.0,0.12903225806451613,0.4225352112676056,0.625
0.08,0.0,0.75,0.25,0.0,0.5,False,1.4682144800906107,False,0.6627906976744186,0.6802325581395349,0.21568627450980393,0.9166666666666666,0.0,0.010752688172043012,0.2535211267605634,0.5
0.08,0.0,0.75,0.25,0.0,0.5,True,1.5273147330950385,False,0.6627906976744186,0.7034883720930233,0.3137254901960784,0.8333333333333334,0.0,0.021505376344086023,0.3380281690140845,0.625
0.08,0.0,0.75,0.25,0.0,1.0,False,1.6430808069664475,False,0.6976744186046512,0.7383720930232558,0.39215686274509803,0.9166666666666666,0.0,0.021505376344086023,0.4225352112676056,0.625
0.08,0.0,0.75,0.25,0.0,1.0,True,1.2275394216201108,False,0.5697674418604651,0.627906976744186,0.39215686274509803,0.75,0.0,0.22580645161290322,0.4225352112676056,0.625
0.08,0.0,0.75,0.25,0.1,0.5,False,1.4682144800906107,False,0.6627906976744186,0.6802325581395349,0.21568627450980393,0.9166666666666666,0.0,0.010752688172043012,0.2535211267605634,0.5
0.08,0.0,0.75,0.25,0.1,0.5,True,1.5855480414221201,False,0.6686046511627907,0.7093023255813954,0.3137254901960784,0.9166666666666666,0.0,0.010752688172043012,0.3380281690140845,0.625
0.08,0.0,0.75,0.25,0.1,1.0,False,1.6430808069664475,False,0.6976744186046512,0.7383720930232558,0.39215686274509803,0.9166666666666666,0.0,0.021505376344086023,0.4225352112676056,0.625
0.08,0.0,0.75,0.25,0.1,1.0,True,1.3475694291219864,False,0.5930232558139535,0.6802325581395349,0.39215686274509803,0.75,0.0,0.12903225806451613,0.4225352112676056,0.625
0.08,0.08,0.0,0.15,0.0,0.5,False,1.7105195416501184,False,0.6918604651162791,0.7441860465116279,0.39215686274509803,0.9166666666666666,0.0,0.010752688172043012,0.43661971830985913,0.75
0.08,0.08,0.0,0.15,0.0,0.5,True,1.3417554756336143,False,0.5872093023255814,0.6802325581395349,0.39215686274509803,0.75,0.0,0.12903225806451613,0.4225352112676056,0.625
0.08,0.08,0.0,0.15,0.0,1.0,False,1.468302737449068,False,0.5988372093023255,0.686046511627907,0.39215686274509803,0.8333333333333334,0.0,0.11827956989247312,0.43661971830985913,0.75
0.08,0.08,0.0,0.15,0.0,1.0,True,1.2217254681317387,False,0.563953488372093,0.627906976744186,0.39215686274509803,0.75,0.0,0.22580645161290322,0.4225352112676056,0.625
0.08,0.08,0.0,0.15,0.1,0.5,False,1.6226262447964932,False,0.6627906976744186,0.6976744186046512,0.27450980392156865,0.9166666666666666,0.0,0.010752688172043012,0.323943661971831,0.75
0.08,0.08,0.0,0.15,0.1,0.5,True,1.618949774208258,False,0.6627906976744186,0.7441860465116279,0.39215686274509803,0.9166666666666666,0.0,0.010752688172043012,0.4225352112676056,0.625
0.08,0.08,0.0,0.15,0.1,1.0,False,1.670697086036215,False,0.6627906976744186,0.7383720930232558,0.39215686274509803,0.9166666666666666,0.0,0.021505376344086023,0.43661971830985913,0.75
0.08,0.08,0.0,0.15,0.1,1.0,True,1.3417554756336143,False,0.5872093023255814,0.6802325581395349,0.39215686274509803,0.75,0.0,0.12903225806451613,0.4225352112676056,0.625
0.08,0.08,0.0,0.25,0.0,0.5,False,1.4682144800906107,False,0.6627906976744186,0.6802325581395349,0.21568627450980393,0.9166666666666666,0.0,0.010752688172043012,0.2535211267605634,0.5
0.08,0.08,0.0,0.25,0.0,0.5,True,1.4516395643028406,False,0.6395348837209303,0.6976744186046512,0.3137254901960784,0.75,0.0,0.03225806451612903,0.3380281690140845,0.625
0.08,0.08,0.0,0.25,0.0,1.0,False,1.4174306444258122,False,0.6104651162790697,0.686046511627907,0.39215686274509803,0.8333333333333334,0.0,0.11827956989247312,0.4225352112676056,0.625
0.08,0.08,0.0,0.25,0.0,1.0,True,1.2217254681317387,False,0.563953488372093,0.627906976744186,0.39215686274509803,0.75,0.0,0.22580645161290322,0.4225352112676056,0.625
0.08,0.08,0.0,0.25,0.1,0.5,False,1.4682144800906107,False,0.6627906976744186,0.6802325581395349,0.21568627450980393,0.9166666666666666,0.0,0.010752688172043012,0.2535211267605634,0.5
0.08,0.08,0.0,0.25,0.1,0.5,True,1.573920134445376,False,0.6569767441860465,0.7093023255813954,0.3137254901960784,0.9166666666666666,0.0,0.010752688172043012,0.3380281690140845,0.625
0.08,0.08,0.0,0.25,0.1,1.0,False,1.614011039524587,False,0.6686046511627907,0.7383720930232558,0.39215686274509803,0.9166666666666666,0.0,0.021505376344086023,0.4225352112676056,0.625
0.08,0.08,0.0,0.25,0.1,1.0,True,1.3417554756336143,False,0.5872093023255814,0.6802325581395349,0.39215686274509803,0.75,0.0,0.12903225806451613,0.4225352112676056,0.625
0.08,0.08,0.75,0.15,0.0,0.5,False,1.7221474486268626,False,0.7034883720930233,0.7441860465116279,0.39215686274509803,0.9166666666666666,0.0,0.010752688172043012,0.43661971830985913,0.75
0.08,0.08,0.75,0.15,0.0,0.5,True,1.5441498242207612,False,0.6511627906976745,0.7325581395348837,0.39215686274509803,0.8333333333333334,0.0,0.03225806451612903,0.4225352112676056,0.625
0.08,0.08,0.75,0.15,0.0,1.0,False,1.5265360457761499,False,0.6046511627906976,0.6918604651162791,0.39215686274509803,0.9166666666666666,0.0,0.10752688172043011,0.43661971830985913,0.75
0.08,0.08,0.75,0.15,0.0,1.0,True,1.2275394216201108,False,0.5697674418604651,0.627906976744186,0.39215686274509803,0.75,0.0,0.22580645161290322,0.4225352112676056,0.625
0.08,0.08,0.75,0.15,0.1,0.5,False,1.6342541517732374,False,0.6744186046511628,0.6976744186046512,0.27450980392156865,0.9166666666666666,0.0,0.010752688172043012,0.323943661971831,0.75
0.08,0.08,0.75,0.15,0.1,0.5,True,1.6480195416501184,False,0.6918604651162791,0.7441860465116279,0.39215686274509803,0.9166666666666666,0.0,0.010752688172043012,0.4225352112676056,0.625
0.08,0.08,0.75,0.15,0.1,1.0,False,1.6823249930129591,False,0.6744186046511628,0.7383720930232558,0.39215686274509803,0.9166666666666666,0.0,0.021505376344086023,0.43661971830985913,0.75
0.08,0.08,0.75,0.15,0.1,1.0,True,1.3475694291219864,False,0.5930232558139535,0.6802325581395349,0.39215686274509803,0.75,0.0,0.12903225806451613,0.4225352112676056,0.625
0.08,0.08,0.75,0.25,0.0,0.5,False,1.4682144800906107,False,0.6627906976744186,0.6802325581395349,0.21568627450980393,0.9166666666666666,0.0,0.010752688172043012,0.2535211267605634,0.5
0.08,0.08,0.75,0.25,0.0,0.5,True,1.5273147330950385,False,0.6627906976744186,0.7034883720930233,0.3137254901960784,0.8333333333333334,0.0,0.021505376344086023,0.3380281690140845,0.625
0.08,0.08,0.75,0.25,0.0,1.0,False,1.6430808069664475,False,0.6976744186046512,0.7383720930232558,0.39215686274509803,0.9166666666666666,0.0,0.021505376344086023,0.4225352112676056,0.625
0.08,0.08,0.75,0.25,0.0,1.0,True,1.2275394216201108,False,0.5697674418604651,0.627906976744186,0.39215686274509803,0.75,0.0,0.22580645161290322,0.4225352112676056,0.625
0.08,0.08,0.75,0.25,0.1,0.5,False,1.4682144800906107,False,0.6627906976744186,0.6802325581395349,0.21568627450980393,0.9166666666666666,0.0,0.010752688172043012,0.2535211267605634,0.5
0.08,0.08,0.75,0.25,0.1,0.5,True,1.5855480414221201,False,0.6686046511627907,0.7093023255813954,0.3137254901960784,0.9166666666666666,0.0,0.010752688172043012,0.3380281690140845,0.625
0.08,0.08,0.75,0.25,0.1,1.0,False,1.6430808069664475,False,0.6976744186046512,0.7383720930232558,0.39215686274509803,0.9166666666666666,0.0,0.021505376344086023,0.4225352112676056,0.625
0.08,0.08,0.75,0.25,0.1,1.0,True,1.3475694291219864,False,0.5930232558139535,0.6802325581395349,0.39215686274509803,0.75,0.0,0.12903225806451613,0.4225352112676056,0.625
0.15,0.0,0.0,0.15,0.0,0.5,False,1.7279614021152347,False,0.7093023255813954,0.7441860465116279,0.39215686274509803,0.9166666666666666,0.0,0.010752688172043012,0.43661971830985913,0.75
0.15,0.0,0.0,0.15,0.0,0.5,True,1.608197086036215,False,0.6627906976744186,0.7383720930232558,0.39215686274509803,0.9166666666666666,0.0,0.021505376344086023,0.4225352112676056,0.625
0.15,0.0,0.0,0.15,0.0,1.0,False,1.532349999264522,False,0.6104651162790697,0.6918604651162791,0.39215686274509803,0.9166666666666666,0.0,0.10752688172043011,0.43661971830985913,0.75
0.15,0.0,0.0,0.15,0.0,1.0,True,1.3310027874615713,False,0.5872093023255814,0.6744186046511628,0.39215686274509803,0.75,0.0,0.13978494623655913,0.4225352112676056,0.625
0.15,0.0,0.0,0.15,0.1,0.5,False,1.4682144800906107,False,0.6627906976744186,0.6802325581395349,0.21568627450980393,0.9166666666666666,0.0,0.010752688172043012,0.2535211267605634,0.5
0.15,0.0,0.0,0.15,0.1,0.5,True,1.5601262447964932,False,0.6627906976744186,0.6976744186046512,0.27450980392156865,0.9166666666666666,0.0,0.010752688172043012,0.30985915492957744,0.625
0.15,0.0,0.0,0.15,0.1,1.0,False,1.6422055881617463,False,0.686046511627907,0.7441860465116279,0.39215686274509803,0.9166666666666666,0.0,0.010752688172043012,0.4225352112676056,0.625
0.15,0.0,0.0,0.15,0.1,1.0,True,1.469849999264522,False,0.6104651162790697,0.6918604651162791,0.39215686274509803,0.9166666666666666,0.0,0.10752688172043011,0.4225352112676056,0.625
0.15,0.0,0.0,0.25,0.0,0.5,False,1.4682144800906107,False,0.6627906976744186,0.6802325581395349,0.21568627450980393,0.9166666666666666,0.0,0.010752688172043012,0.2535211267605634,0.5
0.15,0.0,0.0,0.25,0.0,0.5,True,1.573920134445376,False,0.6569767441860465,0.7093023255813954,0.3137254901960784,0.9166666666666666,0.0,0.010752688172043012,0.3380281690140845,0.625
0.15,0.0,0.0,0.25,0.0,1.0,False,1.475663952752894,False,0.6162790697674418,0.6918604651162791,0.39215686274509803,0.9166666666666666,0.0,0.10752688172043011,0.4225352112676056,0.625
0.15,0.0,0.0,0.25,0.0,1.0,True,1.3310027874615713,False,0.5872093023255814,0.6744186046511628,0.39215686274509803,0.75,0.0,0.13978494623655913,0.4225352112676056,0.625
0.15,0.0,0.0,0.25,0.1,0.5,False,1.4682144800906107,False,0.6627906976744186,0.6802325581395349,0.21568627450980393,0.9166666666666666,0.0,0.010752688172043012,0.2535211267605634,0.5
0.15,0.0,0.0,0.25,0.1,0.5,True,1.5601262447964932,False,0.6627906976744186,0.6976744186046512,0.27450980392156865,0.9166666666666666,0.0,0.010752688172043012,0.30985915492957744,0.625
0.15,0.0,0.0,0.25,0.1,1.0,False,1.6422055881617463,False,0.686046511627907,0.7441860465116279,0.39215686274509803,0.9166666666666666,0.0,0.010752688172043012,0.4225352112676056,0.625
0.15,0.0,0.0,0.25,0.1,1.0,True,1.469849999264522,False,0.6104651162790697,0.6918604651162791,0.39215686274509803,0.9166666666666666,0.0,0.10752688172043011,0.4225352112676056,0.625
0.15,0.0,0.75,0.15,0.0,0.5,False,1.7279614021152347,False,0.7093023255813954,0.7441860465116279,0.39215686274509803,0.9166666666666666,0.0,0.010752688172043012,0.43661971830985913,0.75
0.15,0.0,0.75,0.15,0.0,0.5,True,1.6198249930129591,False,0.6744186046511628,0.7383720930232558,0.39215686274509803,0.9166666666666666,0.0,0.021505376344086023,0.4225352112676056,0.625
0.15,0.0,0.75,0.15,0.0,1.0,False,1.676511039524587,False,0.6686046511627907,0.7383720930232558,0.39215686274509803,0.9166666666666666,0.0,0.021505376344086023,0.43661971830985913,0.75
0.15,0.0,0.75,0.15,0.0,1.0,True,1.3368167409499434,False,0.5930232558139535,0.6744186046511628,0.39215686274509803,0.75,0.0,0.13978494623655913,0.4225352112676056,0.625
0.15,0.0,0.75,0.15,0.1,0.5,False,1.4682144800906107,False,0.6627906976744186,0.6802325581395349,0.21568627450980393,0.9166666666666666,0.0,0.010752688172043012,0.2535211267605634,0.5
0.15,0.0,0.75,0.15,0.1,0.5,True,1.5601262447964932,False,0.6627906976744186,0.6976744186046512,0.27450980392156865,0.9166666666666666,0.0,0.010752688172043012,0.30985915492957744,0.625
0.15,0.0,0.75,0.15,0.1,1.0,False,1.6596474486268626,False,0.7034883720930233,0.7441860465116279,0.39215686274509803,0.9166666666666666,0.0,0.010752688172043012,0.4225352112676056,0.625
0.15,0.0,0.75,0.15,0.1,1.0,True,1.6198249930129591,False,0.6744186046511628,0.7383720930232558,0.39215686274509803,0.9166666666666666,0.0,0.021505376344086023,0.4225352112676056,0.625
0.15,0.0,0.75,0.25,0.0,0.5,False,1.4682144800906107,False,0.6627906976744186,0.6802325581395349,0.21568627450980393,0.9166666666666666,0.0,0.010752688172043012,0.2535211267605634,0.5
0.15,0.0,0.75,0.25,0.0,0.5,True,1.5855480414221201,False,0.6686046511627907,0.7093023255813954,0.3137254901960784,0.9166666666666666,0.0,0.010752688172043012,0.3380281690140845,0.625
0.15,0.0,0.75,0.25,0.0,1.0,False,1.6430808069664475,False,0.6976744186046512,0.7383720930232558,0.39215686274509803,0.9166666666666666,0.0,0.021505376344086023,0.4225352112676056,0.625
0.15,0.0,0.75,0.25,0.0,1.0,True,1.3368167409499434,False,0.5930232558139535,0.6744186046511628,0.39215686274509803,0.75,0.0,0.13978494623655913,0.4225352112676056,0.625
0.15,0.0,0.75,0.25,0.1,0.5,False,1.4682144800906107,False,0.6627906976744186,0.6802325581395349,0.21568627450980393,0.9166666666666666,0.0,0.010752688172043012,0.2535211267605634,0.5
0.15,0.0,0.75,0.25,0.1,0.5,True,1.5601262447964932,False,0.6627906976744186,0.6976744186046512,0.27450980392156865,0.9166666666666666,0.0,0.010752688172043012,0.30985915492957744,0.625
0.15,0.0,0.75,0.25,0.1,1.0,False,1.6596474486268626,False,0.7034883720930233,0.7441860465116279,0.39215686274509803,0.9166666666666666,0.0,0.010752688172043012,0.4225352112676056,0.625
0.15,0.0,0.75,0.25,0.1,1.0,True,1.6198249930129591,False,0.6744186046511628,0.7383720930232558,0.39215686274509803,0.9166666666666666,0.0,0.021505376344086023,0.4225352112676056,0.625
0.15,0.08,0.0,0.15,0.0,0.5,False,1.7279614021152347,False,0.7093023255813954,0.7441860465116279,0.39215686274509803,0.9166666666666666,0.0,0.010752688172043012,0.43661971830985913,0.75
0.15,0.08,0.0,0.15,0.0,0.5,True,1.608197086036215,False,0.6627906976744186,0.7383720930232558,0.39215686274509803,0.9166666666666666,0.0,0.021505376344086023,0.4225352112676056,0.625
0.15,0.08,0.0,0.15,0.0,1.0,False,1.532349999264522,False,0.6104651162790697,0.6918604651162791,0.39215686274509803,0.9166666666666666,0.0,0.10752688172043011,0.43661971830985913,0.75
0.15,0.08,0.0,0.15,0.0,1.0,True,1.3310027874615713,False,0.5872093023255814,0.6744186046511628,0.39215686274509803,0.75,0.0,0.13978494623655913,0.4225352112676056,0.625
0.15,0.08,0.0,0.15,0.1,0.5,False,1.4682144800906107,False,0.6627906976744186,0.6802325581395349,0.21568627450980393,0.9166666666666666,0.0,0.010752688172043012,0.2535211267605634,0.5
0.15,0.08,0.0,0.15,0.1,0.5,True,1.5601262447964932,False,0.6627906976744186,0.6976744186046512,0.27450980392156865,0.9166666666666666,0.0,0.010752688172043012,0.30985915492957744,0.625
0.15,0.08,0.0,0.15,0.1,1.0,False,1.6422055881617463,False,0.686046511627907,0.7441860465116279,0.39215686274509803,0.9166666666666666,0.0,0.010752688172043012,0.4225352112676056,0.625
0.15,0.08,0.0,0.15,0.1,1.0,True,1.469849999264522,False,0.6104651162790697,0.6918604651162791,0.39215686274509803,0.9166666666666666,0.0,0.10752688172043011,0.4225352112676056,0.625
0.15,0.08,0.0,0.25,0.0,0.5,False,1.4682144800906107,False,0.6627906976744186,0.6802325581395349,0.21568627450980393,0.9166666666666666,0.0,0.010752688172043012,0.2535211267605634,0.5
0.15,0.08,0.0,0.25,0.0,0.5,True,1.573920134445376,False,0.6569767441860465,0.7093023255813954,0.3137254901960784,0.9166666666666666,0.0,0.010752688172043012,0.3380281690140845,0.625
0.15,0.08,0.0,0.25,0.0,1.0,False,1.475663952752894,False,0.6162790697674418,0.6918604651162791,0.39215686274509803,0.9166666666666666,0.0,0.10752688172043011,0.4225352112676056,0.625
0.15,0.08,0.0,0.25,0.0,1.0,True,1.3310027874615713,False,0.5872093023255814,0.6744186046511628,0.39215686274509803,0.75,0.0,0.13978494623655913,0.4225352112676056,0.625
0.15,0.08,0.0,0.25,0.1,0.5,False,1.4682144800906107,False,0.6627906976744186,0.6802325581395349,0.21568627450980393,0.9166666666666666,0.0,0.010752688172043012,0.2535211267605634,0.5
0.15,0.08,0.0,0.25,0.1,0.5,True,1.5601262447964932,False,0.6627906976744186,0.6976744186046512,0.27450980392156865,0.9166666666666666,0.0,0.010752688172043012,0.30985915492957744,0.625
0.15,0.08,0.0,0.25,0.1,1.0,False,1.6422055881617463,False,0.686046511627907,0.7441860465116279,0.39215686274509803,0.9166666666666666,0.0,0.010752688172043012,0.4225352112676056,0.625
0.15,0.08,0.0,0.25,0.1,1.0,True,1.469849999264522,False,0.6104651162790697,0.6918604651162791,0.39215686274509803,0.9166666666666666,0.0,0.10752688172043011,0.4225352112676056,0.625
0.15,0.08,0.75,0.15,0.0,0.5,False,1.7279614021152347,False,0.7093023255813954,0.7441860465116279,0.39215686274509803,0.9166666666666666,0.0,0.010752688172043012,0.43661971830985913,0.75
0.15,0.08,0.75,0.15,0.0,0.5,True,1.6198249930129591,False,0.6744186046511628,0.7383720930232558,0.39215686274509803,0.9166666666666666,0.0,0.021505376344086023,0.4225352112676056,0.625
0.15,0.08,0.75,0.15,0.0,1.0,False,1.676511039524587,False,0.6686046511627907,0.7383720930232558,0.39215686274509803,0.9166666666666666,0.0,0.021505376344086023,0.43661971830985913,0.75
0.15,0.08,0.75,0.15,0.0,1.0,True,1.3368167409499434,False,0.5930232558139535,0.6744186046511628,0.39215686274509803,0.75,0.0,0.13978494623655913,0.4225352112676056,0.625
0.15,0.08,0.75,0.15,0.1,0.5,False,1.4682144800906107,False,0.6627906976744186,0.6802325581395349,0.21568627450980393,0.9166666666666666,0.0,0.010752688172043012,0.2535211267605634,0.5
0.15,0.08,0.75,0.15,0.1,0.5,True,1.5601262447964932,False,0.6627906976744186,0.6976744186046512,0.27450980392156865,0.9166666666666666,0.0,0.010752688172043012,0.30985915492957744,0.625
0.15,0.08,0.75,0.15,0.1,1.0,False,1.6596474486268626,False,0.7034883720930233,0.7441860465116279,0.39215686274509803,0.9166666666666666,0.0,0.010752688172043012,0.4225352112676056,0.625
0.15,0.08,0.75,0.15,0.1,1.0,True,1.6198249930129591,False,0.6744186046511628,0.7383720930232558,0.39215686274509803,0.9166666666666666,0.0,0.021505376344086023,0.4225352112676056,0.625
0.15,0.08,0.75,0.25,0.0,0.5,False,1.4682144800906107,False,0.6627906976744186,0.6802325581395349,0.21568627450980393,0.9166666666666666,0.0,0.010752688172043012,0.2535211267605634,0.5
0.15,0.08,0.75,0.25,0.0,0.5,True,1.5855480414221201,False,0.6686046511627907,0.7093023255813954,0.3137254901960784,0.9166666666666666,0.0,0.010752688172043012,0.3380281690140845,0.625
0.15,0.08,0.75,0.25,0.0,1.0,False,1.6430808069664475,False,0.6976744186046512,0.7383720930232558,0.39215686274509803,0.9166666666666666,0.0,0.021505376344086023,0.4225352112676056,0.625
0.15,0.08,0.75,0.25,0.0,1.0,True,1.3368167409499434,False,0.5930232558139535,0.6744186046511628,0.39215686274509803,0.75,0.0,0.13978494623655913,0.4225352112676056,0.625
0.15,0.08,0.75,0.25,0.1,0.5,False,1.4682144800906107,False,0.6627906976744186,0.6802325581395349,0.21568627450980393,0.9166666666666666,0.0,0.010752688172043012,0.2535211267605634,0.5
0.15,0.08,0.75,0.25,0.1,0.5,True,1.5601262447964932,False,0.6627906976744186,0.6976744186046512,0.27450980392156865,0.9166666666666666,0.0,0.010752688172043012,0.30985915492957744,0.625
0.15,0.08,0.75,0.25,0.1,1.0,False,1.6596474486268626,False,0.7034883720930233,0.7441860465116279,0.39215686274509803,0.9166666666666666,0.0,0.010752688172043012,0.4225352112676056,0.625
0.15,0.08,0.75,0.25,0.1,1.0,True,1.6198249930129591,False,0.6744186046511628,0.7383720930232558,0.39215686274509803,0.9166666666666666,0.0,0.021505376344086023,0.4225352112676056,0.625
